{"cameraMode":{"drawMode":0,"name":"Shaded","section":"Shading Mode"},"sceneLighting":true,"audioPlay":false,"sceneViewState":{"showFog":true,"showMaterialUpdate":false,"showSkybox":true,"showFlares":true,"showImageEffects":true,"showParticleSystems":true},"in2DMode":false,"pivot":{"x":1.2698789834976197,"y":2.9011385440826418,"z":-0.5993687510490418},"rotation":{"x":-0.274278461933136,"y":0.5151774287223816,"z":-0.17837269604206086,"w":-0.7921997308731079},"size":9.740440368652344,"orthographic":false}